"species","size","views"
"Ursus arctos",246429,44
"Accipiter gentilis",203813,17
"Eubalaena japonica",155312,6
"Canis lupus",150041,113
"Crocodylus niloticus",145573,14
"Panthera leo",139586,49
"Bubo virginianus",138371,14
"Tyrannosaurus rex",135774,162
"Felis catus",135144,65
"Balaenoptera acutorostrata",133438,4
"Panthera tigris",127696,84
"Crocuta crocuta",126599,5
"Bos taurus",126171,44
"Ursus maritimus",124715,19
"Acinonyx jubatus",123680,10
"Salvia divinorum",122260,1769
"Glycine max",120469,12
"Polemaetus bellicosus",112779,4
"Sarcophilus harrisii",112725,5
"Canis latrans",112379,26
"Orcinus orca",112184,29
"Procyon lotor",108858,18
"Vulpes vulpes",108701,25
"Raphus cucullatus",106523,16
"Chelonoidis duncanensis",103443,NA
"Physeter macrocephalus",103303,9
"Triturus carnifex",102349,4
"Delphinapterus leucas",102269,7
"Bubo bubo",101916,26
"Ectopistes migratorius",101472,4
"Struthio camelus",99940,6
"Rangifer tarandus",98849,6
"Crocodylus porosus",97766,24
"Chrysemys picta",97561,21
"Sus scrofa",97178,80
"Zea mays",97085,53
"Nepenthes rajah",95637,104
"Cocos nucifera",94460,50
"Ursus americanus",93469,30
"Enhydra lutris",92924,12
"Puma concolor",92773,24
"Balaenoptera physalus",92708,6
"Passer domesticus",91722,38
"Panthera onca",91566,58
"Bubo lacteus",91480,1
"Haliaeetus leucocephalus",90155,24
"Alces americanus",89597,1
"Alces alces",89560,15
"Aquila chrysaetos",88353,20
"Balaenoptera musculus",88252,19
"Megalosaurus bucklandii",88099,2
"Stephanoaetus coronatus",87535,5
"Sturnus vulgaris",87070,10
"Panthera pardus",86970,58
"Ovis aries",85971,16
"Camelus dromedarius",84485,17
"Canis aureus",83942,31
"Allosaurus europaeus",83357,NA
"Allosaurus fragilis",83327,25
"Phascolarctos cinereus",83322,3
"Lycaon pictus",82249,110
"Carcharodon carcharias",81921,28
"Ciconia ciconia",81916,8
"Thunnus maccoyii",81894,3
"Hypericum perforatum",81658,1056
"Eubalaena australis",81428,9
"Solanum tuberosum",81099,25
"Archaeopteryx lithographica",80447,24
"Triticum sphaerococcum",79954,9
"Triticum turgidum",79945,10
"Eschrichtius robustus",79632,7
"Castor canadensis",79563,7
"Bison bison",78336,21
"Odocoileus virginianus",77452,26
"Oryzomys palustris",77414,5
"Ursus thibetanus",77358,16
"Solanum lycopersicum",77070,32
"Megaptera novaeangliae",76663,11
"Cavia porcellus",76611,7
"Eubalaena glacialis",76603,4
"Iguanodon bernissartensis",76473,4
"Delapparentia turolensis",76472,NA
"Iguanodon galvensis",76461,NA
"Stegosaurus armatus",75867,5
"Stegosaurus ungulatus",75843,9
"Stegosaurus stenops",75839,4
"Strigops habroptila",74190,8
"Cuon alpinus",73982,9
"Ailuropoda melanoleuca",73782,15
"Psittacosaurus xinjiangensis",73660,3
"Psittacosaurus gobiensis",73653,NA
"Psittacosaurus sibiricus",73652,NA
"Psittacosaurus major",73645,NA
"Psittacosaurus neimongoliensis",73636,1
"Psittacosaurus meileyingensis",73634,NA
"Psittacosaurus lujiatunensis",73632,1
"Psittacosaurus mongoliensis",73631,NA
"Psittacosaurus sinensis",73622,1
"Yixianopterus jingangshanensis",73251,NA
"Stegoceras novomexicanum",73130,NA
"Stegoceras validum",73090,3
"Falco peregrinus",72755,16
"Mustela putorius",72702,NA
"Oncorhynchus mykiss",72632,7
"Oryzomys couesi",72321,30
"Triceratops horridus",72211,20
"Triceratops prorsus",72210,3
"Lontra canadensis",71773,4
"Chelonia mydas",71285,43
"Meles meles",71178,11
"Olea europaea",70441,26
"Hippopotamus amphibius",70118,27
"Carex merritt-fernaldii",70039,2
"Carex austrokoreensis",70034,1
"Carex dissitispicula",70033,1
"Carex chihuahuensis",70031,2
"Carex laevivaginata",70031,1
"Carex brachyanthera",70030,1
"Carex incurviformis",70030,1
"Carex oklahomensis",70029,1
"Carex bichenoviana",70028,2
"Carex microrhyncha",70028,1
"Carex prescottiana",70028,NA
"Carex scabriuscula",70028,1
"Carex subbracteata",70028,1
"Carex unilateralis",70028,1
"Carex glabrescens",70027,1
"Carex luzulifolia",70027,1
"Carex tuckermanii",70027,NA
"Carex arctiformis",70026,1
"Carex atroviridis",70026,1
"Carex biltmoreana",70026,1
"Carex bulbostylis",70026,2
"Carex cryptolepis",70026,2
"Carex egglestonii",70026,1
"Carex fissuricola",70026,2
"Carex fluviatilis",70026,2
"Carex genkaiensis",70026,1
"Carex horsfieldii",70026,1
"Carex lambertiana",70026,1
"Carex orbicularis",70026,NA
"Carex polycephala",70026,1
"Carex purpurifera",70026,1
"Carex saximontana",70026,NA
"Carex accrescens",70025,1
"Carex brainerdii",70025,1
"Carex fusanensis",70025,2
"Carex hirtissima",70025,3
"Carex lanceolata",70025,2
"Carex lemanniana",70025,1
"Carex abscondita",70024,2
"Carex amplectens",70024,2
"Carex andersonii",70024,1
"Carex atrosquama",70024,1
"Carex autumnalis",70024,1
"Carex capillacea",70024,1
"Carex hirsutella",70024,1
"Carex mesochorea",70024,2
"Carex perglobosa",70024,NA
"Carex pisiformis",70024,2
"Carex pityophila",70024,1
"Carex townsendii",70024,NA
"Carex vesiculosa",70024,NA
"Carex aggregata",70023,1
"Carex conjuncta",70023,1
"Carex gracilior",70023,1
"Carex harlandii",70023,2
"Carex leptopoda",70023,1
"Carex mollicula",70023,1
"Carex teinogyna",70023,NA
"Carex tenebrosa",70023,2
"Carex chosenica",70022,3
"Carex collifera",70022,1
"Carex conspecta",70022,2
"Carex declinata",70022,2
"Carex dispalata",70022,1
"Carex glacialis",70022,4
"Carex harfordii",70022,3
"Carex jamesonii",70022,1
"Carex radicalis",70022,NA
"Carex spachiana",70022,2
"Carex thomsonii",70022,1
"Carex triquetra",70022,1
"Carex vicinalis",70022,NA
"Carex wiegandii",70022,NA
"Carex austrina",70021,2
"Carex cumulata",70021,1
"Carex darwinii",70021,2
"Carex hilairei",70021,1
"Carex normalis",70021,1
"Carex papulosa",70021,1
"Carex projecta",70021,1
"Carex pruinosa",70021,NA
"Carex alligata",70020,1
"Carex aztecica",70020,2
"Carex clivorum",70020,2
"Carex colensoi",70020,2
"Carex daltonii",70020,2
"Carex desponsa",70020,1
"Carex finitima",70020,1
"Carex fragilis",70020,1
"Carex geophila",70020,2
"Carex gunniana",70020,1
"Carex hebetata",70020,1
"Carex insignis",70020,1
"Carex jackiana",70020,1
"Carex maculata",70020,1
"Carex morrowii",70020,5
"Carex nelsonii",70020,1
"Carex olivacea",70020,1
"Carex solandri",70020,NA
"Carex wootonii",70020,2
"Carex arctata",70019,1
"Carex barbata",70019,1
"Carex acutata",70018,1
"Carex banksii",70018,1
"Carex decidua",70018,1
"Carex echinus",70018,1
"Carex globosa",70018,1
"Carex hyalina",70018,2
"Carex integra",70018,1
"Carex pulchra",70018,NA
"Carex purdiei",70018,NA
"Carex raoulii",70018,NA
"Carex scitula",70018,1
"Carex sociata",70018,NA
"Carex subdola",70018,1
"Carex amicta",70017,2
"Carex incisa",70017,1
"Carex ligata",70017,1
"Carex setosa",70017,3
"Carex swanii",70017,NA
"Carex aperta",70016,1
"Carex caduca",70016,3
"Carex conica",70016,2
"Carex decora",70016,1
"Carex longii",70016,2
"Carex ruthii",70016,NA
"Carex laeta",70015,1
"Carex davyi",70014,2
"Carex fissa",70014,2
"Carex gotoi",70014,1
"Carex manca",70014,1
"Carex munda",70014,2
"Carex recta",70014,NA
"Carex senta",70014,NA
"Carex teres",70014,NA
"Carex rara",70013,NA
"Capra hircus",69810,3
"Achelousaurus horneri",69657,4
"Alcelaphus buselaphus",69290,3
"Thylacinus cynocephalus",69175,26
"Sterna hirundo",68271,2
"Bubalus bubalis",68115,8
"Prionailurus iriomotensis",68023,NA
"Lynx rufus",67844,32
"Caretta caretta",67385,32
"Picea glauca",67096,233
"Lemur catta",67000,4
"Corvus corax",66805,64
"Felis silvestris",66777,41
"Coloeus monedula",66523,1
"Neovison vison",66405,6
"Ailurus fulgens",66202,11
"Dromaius novaehollandiae",66100,11
"Pteronura brasiliensis",65978,3
"Amphicoelias brontodiplodocus",65738,NA
"Apatosaurus louisae",65690,7
"Apatosaurus ajax",65683,17
"Plateosaurus engelhardti",65486,2
"Plateosaurus gracilis",65480,1
"Plateosaurus longiceps",65454,1
"Plateosaurus ingens",65447,1
"Fratercula arctica",65119,2
"Balaenoptera borealis",64971,9
"Dugong dugon",64332,5
"Boselaphus tragocamelus",64053,4
"Accipiter nisus",64008,6
"Alligator mississippiensis",63973,18
"Eolambia caroljonesa",63748,3
"Aquila verreauxii",63510,1
"Myotis sodalis",63303,4
"Manorina melanocephala",63213,2
"Pteranodon longiceps",63075,4
"Balaenoptera bonaerensis",62912,3
"Dermochelys coriacea",62808,32
"Eudocimus albus",62740,4
"Anas platyrhynchos",62492,23
"Pan paniscus",62425,11
"Canis simensis",62375,21
"Uncia uncia",62292,12
"Malus pumila",62141,20
"Geronticus eremita",62020,8
"Hordeum vulgare",61782,9
"Dicerorhinus sumatrensis",61187,17
"Oxyuranus microlepidotus",61149,11
"Catha edulis",60985,36
"Allium sativum",60558,32
"Tachyglossus aculeatus",60522,4
"Medicago sativa",60508,20
"Canis anthus",60400,166
"Cryptoprocta ferox",60351,2
"Hyaena hyaena",60219,4
"Ornithorhynchus anatinus",60097,9
"Regulus regulus",60057,3
"Odobenus rosmarus",59566,7
"Oncorhynchus clarkii",59311,2
"Lamna nasus",58521,16
"Deinonychus antirrhopus",58405,12
"Campephilus principalis",58356,7
"Diplodocus longus",58141,2
"Diplodocus carnegii",58116,31
"Diplodocus hallorum",58116,6
"Pinguinus alfrednewtoni",58071,1
"Ipomoea batatas",58041,25
"Pinguinus impennis",58038,5
"Lipotes vexillifer",57867,9
"Spinosaurus aegyptiacus",57727,62
"Balaena mysticetus",57576,3
"Massospondylus carinatus",57474,NA
"Pan troglodytes",57332,21
"Rattus norvegicus",57292,54
"Lynx lynx",57218,38
"Lobatus gigas",57188,93
"Ailanthus altissima",57160,394
"Microcebus murinus",57134,NA
"Orcaella brevirostris",57114,16
"Valeriana officinalis",56973,13
"Varanus komodoensis",56839,1
"Persea americana",56797,13
"Punica granatum",56601,32
"Danio rerio",56594,29
"Rhinella marina",56530,9
"Sequoia sempervirens",56287,817
"Cordyline australis",56018,131
"Condylura cristata",56005,1
"Grus antigone",55990,4
"Heterodontosaurus tucki",55961,2
"Martes pennanti",55938,3
"Ambystoma macrodactylum",55901,4
"Cervus elaphus",55864,23
"Corvus coronoides",55798,8
"Allium cepa",55760,43
"Philomachus pugnax",55654,3
"Gavia immer",55553,2
"Pezophaps solitarius",55339,1
"Pezophaps solitaria",55308,21
"Banksia prionotes",55266,21
"Heteralocha acutirostris",55170,3
"Cyanopsitta spixii",55161,8
"Mustela nigripes",55092,9
"Banksia sessilis",54712,31
"Nepenthes mirabilis",54702,24
"Ulmus americana",54603,266
"Hirundo rustica",54536,11
"Perisoreus canadensis",54494,1
"Manihot esculenta",53856,21
"Rallus aquaticus",53725,3
"Arachis hypogaea",53703,12
"Hydrobates pelagicus",53630,1
"Mustela erminea",53577,9
"Baryonyx walkeri",53566,10
"Nycticebus pygmaeus",53561,1
"Lynx pardinus",53376,28
"Petaurus breviceps",53376,1
"Salmo salar",53332,11
"Parasaurolophus cyrtocristatus",53309,1
"Parasaurolophus tubicen",53268,NA
"Lanius excubitor",53267,2
"Parasaurolophus walkeri",53267,1
"Galeocerdo cuvier",53146,14
"Zalophus californianus",53065,2
"Theodoxus fluviatilis",52862,15
"Myotis alcathoe",52772,16
"Arabidopsis thaliana",52725,461
"Cuculus canorus",52712,4
"Brachiosaurus altithorax",52701,5
"Passer montanus",52650,13
"Bison bonasus",52528,13
"Atropa bella-donna",52219,NA
"Nepenthes lowii",52139,50
"Mustela nivalis",52129,7
"Crex crex",52128,6
"Ankylosaurus magniventris",52124,7
"Albertosaurus sarcophagus",52064,26
"Melursus ursinus",51840,19
"Gymnorhina tibicen",51813,1
"Saguinus oedipus",51760,4
"Scipionyx samniticus",51742,5
"Neophron percnopterus",51686,5
"Elaeis guineensis",51663,239
"Aepyceros melampus",51471,2
"Maccullochella peelii",51417,1
"Aptenodytes forsteri",51385,4
"Felis chaus",51252,10
"Herrerasaurus ischigualastensis",50990,6
"Gulo gulo",50889,12
"Antidorcas marsupialis",50878,1
"Lynx canadensis",50878,24
"Inia geoffrensis",50866,4
"Nepenthes bicalcarata",50810,15
"Caranx ignobilis",50766,3
"Sphenodon punctatus",50694,15
"Prunus persica",50623,5
"Hydrodamalis gigas",50574,6
"Propithecus candidus",50464,2
"Diceros bicornis",50296,22
"Connochaetes taurinus",50195,7
"Castor fiber",50118,16
"Prunus dulcis",50068,12
"Antilope cervicapra",49801,10
"Martes americana",49800,5
"Carcharhinus falciformis",49769,5
"Balaenoptera brydei",49763,6
"Balaenoptera edeni",49761,6
"Ginkgo biloba",49721,2406
"Litoria aurea",49689,2
"Haliaeetus leucogaster",49576,5
"Gymnogyps californianus",49554,14
"Carcharhinus longimanus",49488,8
"Capricornis crispus",49463,4
"Banksia marginata",49370,68
"Sepioteuthis lessoniana",49328,5
"Majungasaurus crenatissimus",49324,1
"Nyctereutes procyonoides",49287,15
"Taurotragus derbianus",49206,6
"Connochaetes gnou",49123,7
"Piper nigrum",49097,25
"Elephas maximus",49029,33
"Gopherus agassizii",48933,6
"Gopherus morafkai",48932,1
"Nepenthes fusca",48873,7
"Amia calva",48849,11
"Brontosaurus yahnahpin",48845,4
"Pavo cristatus",48824,42
"Brontosaurus excelsus",48815,7
"Brontosaurus parvus",48811,3
"Quelea quelea",48672,2
"Centrocercus urophasianus",48656,3
"Branta canadensis",48639,7
"Agkistrodon piscivorus",48593,1226
"Cyrtodactylus malayanus",48557,NA
"Phocoena sinus",48539,13
"Chrysomallon squamiferum",48517,2
"Giganotosaurus carolinii",48513,22
"Saiga borealis",48426,1
"Saiga tatarica",48398,8
"Asplenium platyneuron",48361,12
"Sylvia atricapilla",48108,4
"Polyodon spathula",48024,11
"Eudyptula minor",48019,3
"Macaca mulatta",47980,9
"Neofelis nebulosa",47916,19
"Velociraptor osmolskae",47789,2
"Velociraptor mongoliensis",47767,14
"Glyptemys muhlenbergii",47556,3
"Cebus capucinus",47472,2
"Mycteria cinerea",47346,NA
"Nepenthes rafflesiana",47339,37
"Carcharhinus obscurus",47295,7
"Ovibos moschatus",47290,3
"Pyrrhocorax pyrrhocorax",47290,2
"Monodon monoceros",47259,5
"Monachus monachus",47163,9
"Atropa baetica",47002,NA
"Glyphis gangeticus",46893,7
"Crocodylus acutus",46855,15
"Mustela lutreola",46715,8
"Kobus ellipsiprymnus",46594,2
"Mycteria ibis",46575,2
"Bufo bufo",46557,13
"Confuciusornis feducciai",46557,2
"Confuciusornis dui",46544,1
"Phoenicopterus ruber",46534,8
"Confuciusornis sanctus",46524,15
"Protoavis texensis",46453,2
"Falco sparverius",46433,7
"Scelidosaurus harrisonii",46309,1
"Fragaria ananassa",46285,1
"Eretmochelys imbricata",46270,35
"Nepenthes edwardsiana",46240,11
"Leptailurus serval",46129,4
"Vultur gryphus",46075,12
"Tarbosaurus bataar",45862,44
"Meleagris gallopavo",45801,23
"Carnotaurus sastrei",45590,3
"Architeuthis dux",45502,3
"Axis axis",45431,10
"Canis mesomelas",45379,17
"Tremarctos ornatus",45370,12
"Edmontosaurus saskatchewanensis",45275,NA
"Anatotitan copei",45244,NA
"Caranx melampygus",45169,3
"Verbascum thapsus",45168,211
"Gavia stellata",45135,2
"Gymnorhinus cyanocephalus",45087,2
"Edmontosaurus annectens",45075,29
"Prionailurus bengalensis",45026,17
"ERROR",44976,3
"Balaenoptera omurai",44910,7
"Microraptor hanqingi",44878,1
"Microraptor zhaoianus",44852,9
"Microraptor gui",44840,13
"Parus major",44828,8
"Ovis canadensis",44782,8
"Tragelaphus eurycerus",44731,NA
"Eucalyptus regnans",44671,183
"Avena sativa",44659,19
"Caracal caracal",44531,10
"Sula nebouxii",44493,NA
"Peromyscus boylii",44476,NA
"Mellivora capensis",44445,2
"Tragelaphus angasii",44432,1
"Buteo jamaicensis",44427,7
"Calyptorhynchus banksii",44410,2
"Torosaurus latus",44403,2
"Transandinomys talamancae",44352,24
"Mitragyna speciosa",44345,1891
"Octopus vulgaris",44301,23
"Poecilodryas cerviniventris",44295,1
"Negaprion brevirostris",44221,7
"Panicum virgatum",44003,250
"Pelecanus occidentalis",43995,10
"Banksia spinulosa",43982,29
"Haliaeetus pelagicus",43916,4
"Turdus merula",43909,19
"Nepenthes ampullaria",43836,25
"Nemegtomaia barsboldi",43773,1
"Bubalus mindorensis",43742,13
"Larus argentatus",43718,11
"Malaclemys terrapin",43707,7
"Pipilo erythrophthalmus",43639,1
"Taurotragus oryx",43639,2
"Grus americana",43626,11
"Lactuca sativa",43599,26
"Ciconia maguari",43592,NA
"Glyphis glyphis",43562,6
"Dendroaspis polylepis",43523,16
"Caranx hippos",43480,4
"Tetracerus quadricornis",43479,1
"Sequoiadendron giganteum",43411,1009
"Perovskia atriplicifolia",43276,107
"Syncerus caffer",43214,4
"Hexaprotodon liberiensis",43211,6
"Daspletosaurus torosus",43201,19
"Dilophosaurus wetherilli",43064,NA
"Acrocanthosaurus atokensis",42967,10
"Macaca fascicularis",42958,11
"Hippophae rhamnoides",42903,181
"Thescelosaurus assiniboiensis",42883,NA
"Thescelosaurus neglectus",42873,2
"Mandragora hybrida",42862,NA
"Thescelosaurus edmontonensis",42853,NA
"Thescelosaurus garbanii",42843,NA
"Mandragora officinarum",42737,409
"Leopardus pardalis",42683,8
"Teuthowenia megalops",42631,8
"Mimus polyglottos",42611,6
"Rhinoceros sondaicus",42549,21
"Phasianus colchicus",42518,9
"Raphus solitarius",42517,1
"Deinocheirus mirificus",42511,13
"Tragelaphus spekii",42502,NA
"Threskiornis solitarius",42501,1
"Myocastor coypus",42482,2
"Biomphalaria glabrata",42432,35
"Corythosaurus intermedius",42412,2
"Corythosaurus casuarius",42408,2
"Ocimum basilicum",42335,27
"Mirounga leonina",42324,4
"Istiodactylus latidens",42321,3
"Istiodactylus sinensis",42293,3
"Angraecum sesquipedale",42161,63
"Ardeotis kori",42154,NA
"Harpia harpyja",42134,8
"Regulus ignicapilla",42106,1
"Corvus tasmanicus",42101,7
"Fiona pinnata",42043,8
"Acer pseudoplatanus",42033,325
"Castanea dentata",41967,33
"Theobroma cacao",41962,805
"Gorgosaurus libratus",41948,29
"Okapia johnstoni",41926,1
"Antilocapra americana",41880,17
"Simarouba amara",41850,25
"Ceratotherium simum",41816,8
"Lagenorhynchus obscurus",41752,2
"Euoplocephalus tutus",41746,2
"Calyptorhynchus funereus",41743,5
"Taxidea taxus",41719,7
"Cyclura lewisi",41713,3
"Datura stramonium",41684,1050
"Carya alba",41640,NA
"Telopea speciosissima",41603,34
"Piranga ludoviciana",41586,NA
"Cathartes aura",41577,6
"Cebus albifrons",41563,2
"Phytolacca americana",41561,775
"Propithecus tattersalli",41516,2
"Vigna unguiculata",41437,4
"Haliaeetus albicilla",41386,8
"Poecilia reticulata",41383,21
"Pyrrhocorax graculus",41360,3
"Myrmecophaga tridactyla",41326,5
"Sesamum indicum",41307,12
"Oryx dammah",41292,36
"Ulmus laevis",41250,31
"Morus bassanus",41241,4
"Banksia ericifolia",41173,37
"Andrias davidianus",41172,6
"Ciconia nigra",41167,5
"Rhinoceros unicornis",41086,11
"Laevistrombus canarium",41070,56
"Papaver somniferum",41043,973
"Lama glama",40998,3
"Hemitragus jemlahicus",40981,3
"Tympanuchus phasianellus",40891,1
"Macaca fuscata",40805,5
"Proteus anguinus",40691,10
"Lepidochelys olivacea",40669,23
"Ninox boobook",40655,1
"Linum usitatissimum",40645,12
"Carcharhinus brachyurus",40633,2
"Mirounga angustirostris",40629,2
"Pica pica",40509,12
"Elaphurus davidianus",40505,35
"Nepenthes gracilis",40502,30
"Salmo trutta",40502,26
"Carassius auratus",40496,23
"Taxus baccata",40495,729
"Scaphirhynchus albus",40410,5
"Redunca redunca",40347,1
"Amazona vittata",40323,4
"Gavialis gangeticus",40275,10
"Cicer arietinum",40219,12
"Nycticebus coucang",40213,2
"Tetrao urogallus",40192,4
"Urocyon littoralis",40187,11
"Agathis australis",40164,105
"Ilex paraguariensis",40130,12
"Turdus migratorius",40114,10
"Phoenix dactylifera",39940,130
"Macaca sylvanus",39938,4
"Alopias vulpinus",39909,11
"Ananas comosus",39862,21
"Mephitis mephitis",39849,14
"Capra falconeri",39839,8
"Sarcoramphus papa",39803,5
"Oncorhynchus tshawytscha",39784,1
"Felis margarita",39763,6
"Passer rutilans",39759,1
"Jatropha curcas",39751,270
"Fregilupus varius",39745,1
"Ulmus procera",39738,18
"Lagenaria siceraria",39720,16
"Pseudoryx nghetinhensis",39685,9
"Urtica dioica",39685,1047
"Pteropus poliocephalus",39666,4
"Lithobates catesbeianus",39622,3
"Arctictis binturong",39605,14
"Carcharias tricuspidatus",39527,1
"Carcharias taurus",39485,15
"Banksia menziesii",39459,35
"Thryothorus ludovicianus",39452,2
"Colobus guereza",39447,2
"Globicephala melas",39433,3
"Arundo donax",39427,152
"Styracosaurus albertensis",39416,3
"Buteo regalis",39410,2
"Leontopithecus rosalia",39397,4
"Chaetura pelagica",39379,2
"Scalopus aquaticus",39313,3
"Asparagus officinalis",39286,13
"Malurus cyaneus",39268,3
"Kentrosaurus aethiopicus",39266,1
"Lontra longicaudis",39242,2
"Ficus carica",39225,46
"Senecio radiatus",39201,NA
"Pithecophaga jefferyi",39185,12
"Caprimulgus europaeus",39182,5
"Cichorium intybus",39149,24
"Tragelaphus buxtoni",39147,2
"Amblyrhynchus cristatus",39138,9
"Opisthocoelicaudia skarzynskii",39130,1
"Anthochaera carunculata",39115,NA
"Heterocephalus glaber",39090,8
"Senecio vulgaris",39039,55
"Vulpes lagopus",39030,6
"Sylvia borin",39029,2
"Nepenthes villosa",39021,12
"Carcharhinus leucas",39006,13
"Monachus schauinslandi",38968,5
"Dionaea muscipula",38743,32
"Atractosteus spatula",38720,13
"Neophoca cinerea",38718,2
"Iguana iguana",38705,17
"Coragyps atratus",38688,6
"Daboia russelii",38664,35
"Prunus mume",38615,272
"Addax nasomaculatus",38569,9
"Drosera villosa",38556,NA
"Calyptorhynchus latirostris",38542,8
"Lonchura punctulata",38535,5
"Hippotragus leucophaeus",38527,5
"Pterodactylus longirostris",38482,NA
"Pterodactylus antiquus",38474,2
"Artocarpus heterophyllus",38462,11
"Catopuma temminckii",38462,2
"Iris haynei",38438,NA
"Eichhornia crassipes",38426,361
"Carcharhinus melanopterus",38416,4
"Armoracia rusticana",38411,2
"Phaethon aethereus",38366,2
"Banksia aemula",38346,22
"Ribes nigrum",38343,14
"Azadirachta indica",38311,1148
"Gadus morhua",38306,14
"Odocoileus hemionus",38294,18
"Megascops asio",38274,NA
"Alouatta palliata",38266,5
"Otus asio",38264,5
"Nerium oleander",38250,50
"Nerium indicum",38249,5
"Banksia cuneata",38220,21
"Picathartes gymnocephalus",38196,1
"Toxostoma rufum",38187,2
"Falco columbarius",38185,11
"Banksia coccinea",38156,29
"Pinguicula macrophylla",38132,1
"Pinguicula rectifolia",38131,1
"Pinguicula caudata",38124,1
"Glyphis garricki",38117,4
"Nepenthes northiana",38077,10
"Iris aphylla",38071,12
"Vicugna pacos",38054,5
"Heterodontus portusjacksoni",38044,1
"Dissostichus mawsoni",38021,4
"Podiceps nigricollis",37993,1
"Gopherus polyphemus",37978,52
"Pinguicula moranensis",37953,30
"Podiceps grisegena",37945,5
"Cyclura nubila",37896,49
"Prionace glauca",37871,7
"Banksia integrifolia",37850,53
"Nepenthes robcantleyi",37766,13
"Suricata suricatta",37764,20
"Mustela eversmanii",37753,NA
"Gavia arctica",37732,1
"Melopsittacus undulatus",37697,2
"Mascarinus mascarin",37696,1
"Homo sapiens",26891,4237
"Amorphophallus titanum",24594,2955
"Salvia hispanica",27625,2595
"Aloe vera",32198,2573
"Conium maculatum",23985,1873
"Moringa oleifera",36011,1782
"Maclura pomifera",27200,1233
"Aesculus hippocastanum",22546,1209
"Nelumbo nucifera",29242,1195
"Passiflora edulis",32476,1149
"Symphyotrichum novi-belgii",11168,1144
"Boa constrictor",31564,1133
"Cannabis sativa",30880,1051
"Garcinia gummi-gutta",18459,1043
"Toxicodendron radicans",33975,1042
"Agkistrodon contortrix",32459,1032
"Ocimum tenuiflorum",26439,1028
"Camellia sinensis",25162,995
"Salvia officinalis",21924,961
"Momordica charantia",28364,952
"Ficus platypoda",14006,926
"Ctenium aromaticum",9174,911
"Lepidium meyenii",27025,895
"Vicia faba",34737,862
"Nigella sativa",16813,818
"Synsepalum dulcificum",20194,812
"Rubus leucodermis",12003,777
"Artemisia absinthium",17031,746
"Pachyrhizus erosus",18077,741
"Coffea arabica",23452,736
"Rhodiola rosea",16620,727
"Ceratonia siliqua",34841,726
"Mimosa pudica",28143,718
"Tribulus terrestris",28966,710
"Withania somnifera",16657,698
"Platanus occidentalis",21429,697
"Eunectes murinus",33061,687
"Juglans nigra",37179,680
"Sansevieria trifasciata",13669,671
"Cinnamomum cassia",17635,668
"Acer saccharum",30420,667
"Actinidia arguta",19060,657
"Crotalus horridus",29736,634
"Glaucus atlanticus",17455,634
"Melissa officinalis",26513,631
"Acer rubrum",37386,625
"Phaseolus vulgaris",28059,625
"Prunus spinosa",20258,618
"Centella asiatica",21015,606
"Vipera berus",37598,604
"Althaea officinalis",16631,599
"Liquidambar styraciflua",31443,593
"Aesculus glabra",13152,587
"Quercus alba",25046,583
"Vaccinium vitis-idaea",19467,581
"Brassica oleracea",18922,579
"Physalis peruviana",19546,579
"Ficus religiosa",19187,572
"Silybum marianum",17897,572
"Capsicum annuum",17315,566
"Acer palmatum",24472,560
"Phyllanthus emblica",21059,559
"Populus tremuloides",20871,556
"Pinus strobus",32283,554
"Quercus rubra",19633,538
"Bacopa monnieri",26518,536
"Hibiscus rosa-sinensis",20839,534
"Achillea millefolium",33569,522
"Asimina triloba",35045,517
"Vitis rotundifolia",22501,515
"Illicium verum",19329,513
"Manilkara zapota",17416,512
"Laurus nobilis",22581,510
"Ipomoea aquatica",21269,508
"Bothrops insularis",21880,491
"Mucuna pruriens",22049,488
"Eleocharis dulcis",18889,486
"Echinopsis pachanoi",16883,484
"Liriodendron tulipifera",29092,479
"Epipremnum aureum",14149,475
"Rafflesia arnoldii",19282,474
"Robinia pseudoacacia",33864,473
"Yucca brevifolia",18558,473
"Delonix regia",17990,468
"Dendrocnide moroides",14789,468
"Tinospora cordifolia",13050,465
"Crassula ovata",12634,464
"Agave tequilana",13199,461
"Vigna mungo",15006,459
"Thuja occidentalis",23036,457
"Eurycoma longifolia",21273,449
"Portulaca oleracea",22841,446
"Daucus carota",23932,444
"Morinda citrifolia",16132,437
"Cynodon dactylon",19052,436
"Pyrus calleryana",16527,433
"Pyrus pyrifolia",17397,431
"Sassafras albidum",26749,429
"Rubus chamaemorus",20448,428
"Melicoccus bijugatus",15914,427
"Acer negundo",25806,423
"Pandanus amaryllifolius",13247,422
"Acer platanoides",22864,419
"Oryza sativa",24707,415
"Arnica montana",20827,413
"Sorbus aucuparia",33872,409
"Dalbergia sissoo",15445,406
"Cercis canadensis",15664,403
"Opuntia ficus-indica",25302,400
"Hevea brasiliensis",17108,397
"Vitis vinifera",31085,397
"Hedera helix",25546,396
"Vitex agnus-castus",30894,396
"Aegle marmelos",28016,395
"Sambucus nigra",18024,395
"Juniperus virginiana",24552,394
"Dianthus caryophyllus",18994,393
"Eleusine coracana",32943,391
"Jasminum sambac",29890,391
"Anguis fragilis",14034,387
"Lycoris radiata",15901,387
"Araucaria araucana",19924,386
"Acer saccharinum",18082,385
"Metopium toxiferum",9805,382
"Ficus benjamina",15455,380
"Taxodium distichum",34009,380
"Pinus longaeva",17862,376
"Bothrops asper",25587,375
"Cinnamomum camphora",20068,373
"Brassica juncea",19940,371
"Thuja plicata",35797,371
"Acorus calamus",36097,370
"Arbutus unedo",36413,370
"Bellis perennis",17321,369
"Phaseolus lunatus",19316,368
"Pseudechis australis",15770,368
"Paulownia tomentosa",13610,366
"Prunus serotina",19717,365
"Agave americana",18820,363
"Aloysia citrodora",19844,363
"Clitoria ternatea",13495,362
"Eragrostis tef",16884,362
"Ruta graveolens",26291,362
"Siraitia grosvenorii",19293,360
"Syzygium cumini",17683,360
"Solanum nigrum",25281,357
"Acca sellowiana",20878,355
"Nyctanthes arbor-tristis",14600,351
"Chlorophytum comosum",17642,350
"Garcinia indica",15168,350
"Fagus sylvatica",29270,348
"Parthenocissus quinquefolia",15983,347
"Catharanthus roseus",19885,343
"Cyperus esculentus",32133,343
"Ochroma pyramidale",17866,343
"Octopus kaurna",9527,337
"Pinus ponderosa",30076,337
"Cornus kousa",12731,336
"Betula papyrifera",24661,335
"Eucalyptus deglupta",11569,334
"Quercus robur",31988,332
"Rudbeckia hirta",18708,332
"Mentha pulegium",27221,331
"Betula pendula",26342,329
"Taraxacum officinale",30999,328
"Fagus grandifolia",17798,327
"Bitis arietans",24745,324
"Toxicodendron vernix",12489,324
"Parthenium argentatum",14624,322
"Cucumis metuliferus",13807,317
"Chrysopogon zizanioides",31662,316
"Dracaena cinnabari",21318,316
"Crotalus adamanteus",29122,314
"Toxicodendron diversilobum",20557,313
"Andrographis paniculata",22282,312
"Cassia fistula",16609,312
"Magnolia grandiflora",25092,312
"Plectranthus amboinicus",27047,312
"Annona reticulata",14598,310
"Ceiba pentandra",19850,310
"Cedrus libani",25641,307
"Dysphania ambrosioides",18110,306
"Cananga odorata",15426,304
"Cucurbita pepo",26369,303
"Osmanthus fragrans",15646,303
"Gymnema sylvestre",12471,301
"Mangifera indica",15368,301
"Cedrus deodara",21129,300
"Helianthus annuus",33588,299
"Coccinia grandis",17272,297
"Mimosa tenuiflora",21956,297
"Cycas revoluta",17846,296
"Isatis tinctoria",25412,295
"Hyssopus officinalis",18947,294
"Banisteriopsis caapi",15495,292
"Eryngium foetidum",18210,292
"Eschscholzia californica",22614,292
"Heracleum mantegazzianum",18550,292
"Monstera deliciosa",15496,292
"Saraca asoca",19547,291
"Rauvolfia serpentina",12197,289
"Centaurea cyanus",19858,288
"Phyllanthus niruri",13014,288
"Juglans regia",26726,285
"Python molurus",18722,284
"Albizia julibrissin",16401,283
"Terminalia chebula",17394,283
"Enteroctopus dofleini",32454,281
"Picea abies",27586,281
"Syzygium samarangense",14130,281
"Nyssa sylvatica",20697,280
"Cornus florida",20632,279
"Cinnamomum verum",12616,278
"Humulus lupulus",17580,277
"Mirabilis jalapa",22461,277
"Brassica rapa",12440,276
"Dipteryx odorata",16293,274
"Pachira aquatica",14494,272
"Juglans cinerea",21801,271
"Cestrum nocturnum",16543,270
"Coluber constrictor",16001,270
"Larix laricina",25204,270
"Quercus palustris",20880,270
"Saussurea obvallata",13088,270
"Basella alba",16335,269
"Butea monosperma",17235,268
"Sabal palmetto",17565,268
"Cucurbita maxima",17815,267
"Calendula officinalis",17840,266
"Colchicum autumnale",12598,265
"Ulmus rubra",28131,263
"Abrus precatorius",27231,262
"Artemisia tridentata",25322,258
"Prunus avium",24812,258
"Melia azedarach",20182,257
"Fraxinus pennsylvanica",20169,256
"Artemisia annua",30265,255
"Euonymus europaeus",12199,254
"Lantana camara",28136,253
"Pouteria lucuma",13061,253
"Prunus virginiana",15393,250
"Castanea sativa",20737,249
"Cupressus sempervirens",20715,249
"Actaea racemosa",23489,247
"Asparagus racemosus",13997,247
"Viburnum opulus",14931,246
"Pouteria sapota",15835,245
"Euryale ferox",13613,244
"Borassus flabellifer",19624,243
"Quercus macrocarpa",16182,243
"Tagetes erecta",13606,243
"Acmella oleracea",23732,242
"Chrysanthemum morifolium",9445,242
"Syringa vulgaris",17540,242
"Ficus elastica",13339,241
"Plantago major",18878,241
"Diospyros kaki",20248,240
"Morus alba",21327,239
"Aleurites moluccanus",19109,238
"Fraxinus americana",16053,238
"Rosa canina",16998,238
"Chenopodium album",18732,237
"Passiflora incarnata",24095,237
"Crataegus monogyna",17728,236
"Crotalus cerastes",22891,235
"Koelreuteria paniculata",11370,235
"Quercus virginiana",23628,235
"Berberis vulgaris",21205,234
"Turnera diffusa",15165,234
"Fraxinus excelsior",27202,232
"Dioscorea alata",17983,230
"Lavandula angustifolia",18520,230
"Sistrurus catenatus",22198,230
"Strychnos nux-vomica",14018,230
"Pterocarpus santalinus",14212,229
"Allium tricoccum",25559,228
"Terminalia arjuna",14663,228
"Galium odoratum",15887,227
"Plukenetia volubilis",12419,227
"Aframomum melegueta",23465,226
"Leonotis leonurus",15193,226
"Abies balsamea",19361,225
"Bixa orellana",17821,225
"Rhus typhina",13961,225
"Malpighia emarginata",19755,223
"Schinus molle",19423,222
"Valerianella locusta",13971,221
"Elaeagnus angustifolia",12626,219
"Leptospermum scoparium",14938,219
"Limax maximus",25645,219
"Rosa rugosa",14492,219
"Cyperus rotundus",21365,218
"Spondias dulcis",14178,218
"Araucaria heterophylla",15927,217
"Gynostemma pentaphyllum",21961,217
"Beta vulgaris",30962,216
"Crotalus scutulatus",21474,216
"Echinacea purpurea",16819,215
"Camellia japonica",33819,214
"Polianthes tuberosa",12277,214
"Hypostomus plecostomus",14847,213
"Trifolium pratense",17188,213
"Jacaranda mimosifolia",20810,212
"Tabernanthe iboga",17027,212
"Euphorbia hirta",11699,210
"Hyoscyamus niger",34103,210
"Trifolium repens",22838,209
"Averrhoa bilimbi",15931,208
"Colocasia esculenta",15285,208
"Matricaria chamomilla",16792,208
"Pinus palustris",24857,208
"Quercus suber",17128,208
"Eleutherococcus senticosus",12432,207
"Agalychnis callidryas",18309,206
"Artemisia vulgaris",13075,206
"Crocus sativus",13832,206
"Pinus taeda",20142,206
"Ulmus parvifolia",28164,205
"Prosopis cineraria",14482,204
"Carya ovata",17342,203
"Laticauda colubrina",23904,203
"Monotropa uniflora",11155,203
"Cerbera odollam",13176,201
"Cyperus papyrus",20505,201
"Ageratina altissima",13589,200
"Mespilus germanica",20485,199
"Chamaecostus cuspidatus",10718,198
"Cornus mas",15370,196
"Kalmia latifolia",18320,196
"Magnolia champaca",16159,196
"Zantedeschia aethiopica",13857,196
"Epiphyllum oxypetalum",14500,195
"Plestiodon fasciatus",21169,195
"Psidium guajava",18437,195
"Amelanchier alnifolia",16381,194
"Areca catechu",14837,194
"Filipendula ulmaria",15955,194
"Boswellia serrata",11033,193
"Citrus australasica",15394,193
"Lampropeltis getula",14107,193
"Sistrurus miliarius",16428,193
"Storeria dekayi",15636,193
"Papaver rhoeas",15571,192
"Quercus velutina",22118,192
"Trichosanthes dioica",10997,192
"Ficus benghalensis",13410,191
"Schisandra chinensis",13072,191
"Shorea robusta",18892,191
"Amorphophallus paeoniifolius",14970,189
"Larrea tridentata",21487,189
"Leucaena leucocephala",20782,189
"Allium tuberosum",26556,188
"Corylus avellana",16811,188
"Ilex guayusa",14856,187
"Pistacia lentiscus",22692,187
"Strelitzia reginae",13494,187
"Tsuga canadensis",26875,187
"Platanus orientalis",17027,186
"Rubus idaeus",16456,185
"Crotalus viridis",21977,184
"Corypha umbraculifera",12740,183
"Morelia spilota",20023,183
"Pinus resinosa",13612,183
"Eucalyptus globulus",22282,182
"Madhuca longifolia",19275,182
"Couroupita guianensis",16090,181
"Phoenix roebelenii",10299,181
"Terminalia catappa",15885,181
"Poa pratensis",12732,180
"Salix alba",17135,180
"Tilia americana",21426,180
"Albizia saman",17948,178
"Juniperus communis",20713,177
"Picea mariana",16952,177
"Quercus ilex",16834,177
"Sclerocarya birrea",16089,177
"Acacia koa",20288,176
"Gossypium barbadense",15826,176
"Imperata cylindrica",18308,176
"Solanum dulcamara",15504,176
"Ziziphus mauritiana",26368,176
"Dypsis lutescens",10681,175
"Limonia acidissima",11296,174
"Tanacetum parthenium",15817,174
"Chrysophyllum cainito",12197,173
"Dracaena fragrans",13877,173
"Prunus cerasus",18008,173
"Angelica archangelica",22035,172
"Justicia adhatoda",13143,172
"Nicotiana tabacum",23677,172
"Vitis labrusca",15430,172
"Prunus serrulata",12742,171
"Sorghum bicolor",25274,171
"Acacia pycnantha",34698,169
"Asclepias syriaca",21483,169
"Ceiba speciosa",13734,169
"Ficus racemosa",14815,169
"Ficus sycomorus",17214,169
"Hydrocynus goliath",12025,169
"Peganum harmala",22673,169
"Pinus contorta",26341,169
"Prosopis juliflora",18999,169
"Stevia rebaudiana",19659,169
"Adansonia digitata",34133,168
"Crotalus atrox",26974,168
"Diospyros virginiana",21399,168
"Tilia cordata",20148,168
"Houttuynia cordata",17567,167
"Argyreia nervosa",13525,166
"Arum maculatum",14674,166
"Leucanthemum vulgare",15233,166
"Carpinus caroliniana",13519,165
"Galium aparine",20052,164
"Glechoma hederacea",24102,164
"Hibiscus syriacus",19003,164
"Lythrum salicaria",17624,163
"Myrciaria dubia",16571,163
"Pinus radiata",27042,163
"Pituophis melanoleucus",14871,163
"Vaccinium myrtillus",16479,163
"Caesalpinia pulcherrima",13380,162
"Sternotherus odoratus",22405,162
"Tridax procumbens",16198,161
"Vitex negundo",13068,161
"Nepeta cataria",22193,160
"Nephrolepis exaltata",11643,160
"Commiphora wightii",14430,159
"Gaultheria procumbens",13725,159
"Melaleuca alternifolia",13909,159
"Zelkova serrata",16766,159
"Betula nigra",12426,158
"Capsicum baccatum",13963,158
"Cedrus atlantica",15180,158
"Echis carinatus",24384,158
"Pterocarpus indicus",15013,158
"Gmelina arborea",16725,157
"Psychotria viridis",16134,157
"Arctium lappa",19773,156
"Duranta erecta",13270,156
"Lycium barbarum",23081,156
"Pelagornis sandersi",13047,156
"Alnus glutinosa",29600,155
"Amaranthus caudatus",11668,155
"Annona muricata",27640,155
"Arisaema triphyllum",15303,155
"Cissus quadrangularis",17401,155
"Cyathea dealbata",14870,155
"Digitalis purpurea",15605,155
"Euonymus alatus",10759,155
"Tradescantia pallida",12620,155
"Murraya paniculata",14989,154
"Polyalthia longifolia",12562,154
"Prunus laurocerasus",14970,154
"Euphorbia milii",11635,153
"Indigofera tinctoria",11337,153
"Annona squamosa",21157,152
"Ephedra sinica",8792,152
"Eupatorium perfoliatum",12454,152
"Hyacinthoides non-scripta",26173,152
"Barbus barbus",16743,151
"Gardenia jasminoides",17490,151
"Protea cynaroides",15077,151
"Arctostaphylos uva-ursi",18309,150
"Helichrysum italicum",10880,150
"Hierochloe odorata",13246,150
"Calotropis gigantea",18327,149
"Celtis occidentalis",19254,149
"Catalpa speciosa",13534,148
"Ilex opaca",14922,148
"Pollachius virens",13496,148
"Populus grandidentata",14718,148
"Cucurbita moschata",13378,147
"Lagerstroemia indica",14422,147
"Picea sitchensis",19800,147
"Tiliqua rugosa",17415,147
"Chamaecyparis obtusa",17199,146
"Cortaderia selloana",11577,146
"Mimusops elengi",10923,146
"Stellaria media",16677,146
"Angustopila dominikae",11165,145
"Soliva sessilis",10482,145
"Perilla frutescens",23040,144
"Pituophis catenifer",12823,144
"Pyura chilensis",13911,144
"Angelica sinensis",16056,143
"Capsicum frutescens",13041,143
"Lampropeltis calligaster",10223,143
"Macrotyloma uniflorum",14844,143
"Musa acuminata",24206,143
"Coccoloba uvifera",13476,142
"Ilex aquifolium",21092,142
"Salvia apiana",12887,142
"Hydrangea macrophylla",21451,141
"Hylocereus undatus",14503,141
"Populus deltoides",16831,141
"Trachelospermum jasminoides",11504,141
"Arbutus menziesii",21974,139
"Neolamarckia cadamba",23056,139
"Phaseolus coccineus",14102,139
"Cornu aspersum",33133,138
"Millettia laurentii",11741,138
"Morus rubra",12587,138
"Quercus muehlenbergii",20306,138
"Draco volans",9181,137
"Populus alba",17182,137
"Populus tremula",14992,137
"Rubus occidentalis",13251,137
"Salix babylonica",16992,137
"Santalum album",20757,137
"Alpinia galanga",15464,136
"Buxus sempervirens",13732,136
"Cinnamomum tamala",15763,136
"Hamamelis virginiana",12539,136
"Lagodon rhomboides",11576,136
"Micrurus fulvius",16687,136
"Amaranthus palmeri",15510,135
"Plantago lanceolata",14584,135
"Selenicereus grandiflorus",17592,135
"Viola tricolor",17013,135
"Betula lenta",11285,134
"Parkia speciosa",14678,134
"Styphnolobium japonicum",14263,134
"Aconitum napellus",17518,133
"Caesalpinia echinata",18520,133
"Calophyllum inophyllum",16858,133
"Cyphotilapia frontosa",13109,133
"Dracaena braunii",9550,133
"Lonicera japonica",19898,133
"Melaleuca quinquenervia",28423,133
"Schefflera arboricola",11745,133
"Thymus vulgaris",10901,133
"Alliaria petiolata",23388,132
"Citrullus colocynthis",30520,132
"Elysia chlorotica",22733,132
"Silene undulata",9980,132
"Backhousia citriodora",23117,131
"Callicarpa americana",10839,131
"Parthenium hysterophorus",15267,131
"Coffea canephora",15962,130
"Pennisetum purpureum",17696,130
"Taxus brevifolia",26126,130
"Elettaria cardamomum",13942,129
"Melothria scabra",9693,129
"Vanilla planifolia",12352,129
"Vinca minor",14529,129
"Brassica nigra",14944,128
"Bursera graveolens",13613,128
"Calea ternifolia",11976,128
"Cercis siliquastrum",13634,128
"Tecoma stans",10657,128
"Allium ursinum",17067,127
"Marrubium vulgare",13789,127
"Solanum torvum",19398,127
"Washingtonia filifera",20765,127
"Dracaena draco",15822,126
"Elaeagnus umbellata",12352,126
"Ilex vomitoria",14640,126
"Impatiens capensis",12914,126
"Magnolia acuminata",12347,126
"Trimeresurus stejnegeri",16693,126
"Capsella bursa-pastoris",15951,125
"Ficus microcarpa",17368,125
"Garcinia kola",10881,125
"Parthenocissus tricuspidata",12403,125
"Plectranthus scutellarioides",23039,125
"Anadenanthera peregrina",24096,124
"Cyclanthera pedata",11783,124
"Lilium longiflorum",20040,124
"Quercus bicolor",13412,124
"Semecarpus anacardium",13402,124
"Cornus sericea",15043,123
"Grevillea robusta",13026,123
"Pinus nigra",18070,123
"Echis ocellatus",11379,122
"Mentha arvensis",15218,122
"Metrosideros excelsa",23459,122
"Aster amellus",12756,121
"Spartina alterniflora",16031,121
"Vachellia nilotica",18620,121
"Akebia quinata",11967,120
"Asclepias curassavica",13938,120
"Cilus gilberti",9936,120
"Impatiens glandulifera",17509,120
"Triadica sebifera",18683,120
"Verbena bonariensis",14214,120
"Campsis radicans",12003,119
"Coronella austriaca",14086,119
"Fragaria vesca",21663,119
"Passiflora ligularis",14477,119
"Actaea pachypoda",12457,118
"Dianthus barbatus",15791,118
"Gliricidia sepium",15565,118
"Lactuca virosa",13812,118
"Malus sieversii",17101,118
"Sandoricum koetjape",14938,118
"Trillium grandiflorum",20179,118
"Acer campestre",16224,117
"Acer macrophyllum",16785,117
"Boerhavia diffusa",14323,117
"Brachychiton acerifolius",11385,117
"Cytisus scoparius",19608,117
"Gossypium hirsutum",11899,117
"Lophius piscatorius",15495,117
"Quercus nigra",12339,117
"Acalypha indica",16335,116
"Alstonia scholaris",12488,116
"Apocynum cannabinum",17850,116
"Beaucarnea recurvata",11639,116
"Celosia argentea",12907,116
"Datura metel",14071,116
"Iris pseudacorus",13793,116
"Nypa fruticans",17721,116
"Phalaris arundinacea",13963,116
"Quercus agrifolia",18803,116
"Bombax ceiba",16697,115
"Diospyros nigra",13837,115
"Ilex verticillata",11955,115
"Malva sylvestris",27626,115
"Sesbania grandiflora",14105,115
"Spondias mombin",18086,115
"Ahaetulla nasuta",12704,114
"Asclepias tuberosa",12278,114
"Camelina sativa",28702,114
"Carpinus betulus",13633,114
"Kaempferia galanga",20146,114
"Victoria amazonica",14933,114
"Vigna aconitifolia",18962,114
"Allium fistulosum",17582,113
"Gloriosa superba",16980,113
"Jacobaea vulgaris",26040,113
"Miscanthus sinensis",15351,113
"Nerodia erythrogaster",13450,113
"Prunus domestica",13727,113
"Berberis thunbergii",12687,112
"Bursera simaruba",15968,112
"Cylindropuntia fulgida",13081,112
"Echinopsis peruviana",20203,112
"Ixora coccinea",12108,112
"Oenothera biennis",22769,112
"Rosa chinensis",10696,112
"Tsuga heterophylla",16713,112
"Annona cherimola",27177,111
"Calluna vulgaris",22522,111
"Cymbopogon citratus",16941,111
"Euphorbia tirucalli",12698,111
"Solanum muricatum",16257,111
"Ambrosia artemisiifolia",17682,110
"Casuarina equisetifolia",15980,110
"Durio zibethinus",20527,110
"Pangium edule",13309,110
"Poecilia sphenops",11886,110
"Quercus phellos",11545,110
"Taxodium mucronatum",18275,110
"Washingtonia robusta",12899,110
"Cascabela thevetia",15898,109
"Celastrus paniculatus",10392,109
"Citrullus lanatus",17099,109
"Hoodia gordonii",20128,109
"Nicotiana rustica",14207,109
"Oxalis acetosella",11236,109
"Dracaena reflexa",16527,108
"Lolium perenne",13504,108
"Metasequoia glyptostroboides",27041,108
"Pinus elliottii",11626,108
"Pseudonaja textilis",20020,108
"Spondias purpurea",13626,108
"Acacia melanoxylon",13326,107
"Carissa carandas",12602,107
"Cupressus macrocarpa",21368,107
"Eucalyptus camaldulensis",28654,107
"Lilium candidum",13857,107
"Lonicera tatarica",9778,107
"Magnolia virginiana",12779,107
"Plectranthus barbatus",11841,107
"Rosa rubiginosa",13426,107
"Senna alexandrina",13521,107
"Capsicum pubescens",16613,106
"Cirsium arvense",23854,106
"Cynoscion nebulosus",16074,106
"Darlingtonia californica",18765,106
"Ficus macrophylla",32824,106
"Lonicera caerulea",16349,106
"Pinus lambertiana",17259,106
"Pseudonaja nuchalis",13312,106
"Quercus coccinea",12577,106
"Stachys byzantina",13322,106
"Tagetes lucida",13130,106
"Tradescantia zebrina",11955,106
"Abies concolor",19152,105
"Arctica islandica",15683,105
"Argemone mexicana",14187,105
"Cornus canadensis",15736,105
"Erythroxylum coca",13255,105
"Festuca arundinacea",23813,105
"Linaria vulgaris",14275,105
"Peromyscus maniculatus",28689,105
"Pistacia chinensis",11255,105
"Rosa multiflora",12439,105
"Sarracenia purpurea",15724,105
"Selaginella bryopteris",9157,105
"Solanum pseudocapsicum",15468,105
"Acacia confusa",11469,104
"Calotropis procera",16867,104
"Castanea mollissima",15513,104
"Chamaecyparis lawsoniana",23073,104
"Crotalus oreganus",18048,104
"Dioscorea bulbifera",14130,104
"Fallopia multiflora",13615,104
"Irvingia gabonensis",16351,104
"Myristica fragrans",10766,104
"Prunella vulgaris",14307,104
"Trichosanthes cucumerina",14846,104
